"0","cor.test(es_info$rank_cohenD, es_info$rank_icc)
"
"1","
"
"1","	Pearson's product-moment correlation"
"1","
"
"1","
"
"1","data:  "
"1",""
"1","es_info$rank_cohenD and es_info$rank_icc"
"1",""
"1","
"
"1","t = -17.257, df = 331, p-value < 2.2e-16"
"1","
"
"1","alternative hypothesis: "
"1","true "
"1",""
"1","correlation"
"1",""
"1"," is "
"1",""
"1","not equal to"
"1",""
"1"," "
"1",""
"1","0"
"1",""
"1","
"
"1","95"
"1",""
"1"," percent confidence interval:
"
"1",""
"1"," "
"1",""
"1","-0.7408596 -0.6270849"
"1",""
"1","
"
"1","sample estimates:
"
"1","       cor "
"1","
"
"1","-0.6881798 "
"1","
"
"1","
"
"2","Warning messages:
"
"2","1: Unknown or uninitialised column: `Within_subject_effect_biased`. 
"
"2","2: Unknown or uninitialised column: `Between_subject_effect_biased`. 
"
"2","3: Unknown or uninitialised column: `Within_subject_effect_biased`. 
"
"2","4: Unknown or uninitialised column: `Between_subject_effect_biased`. 
"
"2","5: Unknown or uninitialised column: `Within_subject_effect_biased`. 
"
"2","6: Unknown or uninitialised column: `Between_subject_effect_biased`. 
"
